<?xml version="1.0" encoding="UTF-8"?>
<XML>
    <DATA>
        <CASTLE>
            <ID>0</ID>
            <NAME>Mala Skala</NAME>
            <LOCATION>
                <LATITUDE>50.64626944444444</LATITUDE>
                <LONGITUDE>15.1956</LONGITUDE>
            </LOCATION>
        </CASTLE>
        <CASTLE>
            <ID>1</ID>
            <NAME>Jilemnice</NAME>
            <LOCATION>
                <LATITUDE>50.61047222222222</LATITUDE>
                <LONGITUDE>15.504533333333333</LONGITUDE>
            </LOCATION>
        </CASTLE>
        <CASTLE>
            <ID>8</ID>
            <NAME>Svijany</NAME>
            <LOCATION>
                <LATITUDE>50.573569444444445</LATITUDE>
                <LONGITUDE>15.05563888888889</LONGITUDE>
            </LOCATION>
        </CASTLE>
        <CASTLE>
            <ID>2</ID>
            <NAME>Dukovany</NAME>
            <LOCATION>
                <LATITUDE>49.08176944444445</LATITUDE>
                <LONGITUDE>16.19469722222222</LONGITUDE>
            </LOCATION>
        </CASTLE>
        <CASTLE>
            <ID>5</ID>
            <NAME>Lany</NAME>
            <LOCATION>
                <LATITUDE>50.12388888888889</LATITUDE>
                <LONGITUDE>13.956249999999999</LONGITUDE>
            </LOCATION>
        </CASTLE>
        <CASTLE>
            <ID>9</ID>
            <NAME>Potstejn</NAME>
            <LOCATION>
                <LATITUDE>50.08235277777778</LATITUDE>
                <LONGITUDE>16.308611111111112</LONGITUDE>
            </LOCATION>
        </CASTLE>
        <CASTLE>
            <ID>12</ID>
            <NAME>Usobi</NAME>
            <LOCATION>
                <LATITUDE>49.516555555555556</LATITUDE>
                <LONGITUDE>15.502230555555556</LONGITUDE>
            </LOCATION>
        </CASTLE>
        <CASTLE>
            <ID>3</ID>
            <NAME>Adrspach (Dolni Adrspach)</NAME>
            <LOCATION>
                <LATITUDE>50.618916666666664</LATITUDE>
                <LONGITUDE>16.110861111111113</LONGITUDE>
            </LOCATION>
        </CASTLE>
        <CASTLE>
            <ID>4</ID>
            <NAME>Horni Branna</NAME>
            <LOCATION>
                <LATITUDE>50.608872222222224</LATITUDE>
                <LONGITUDE>15.569225</LONGITUDE>
            </LOCATION>
        </CASTLE>
        <CASTLE>
            <ID>6</ID>
            <NAME>Kolodeje</NAME>
            <LOCATION>
                <LATITUDE>50.06055555555555</LATITUDE>
                <LONGITUDE>14.635277777777777</LONGITUDE>
            </LOCATION>
        </CASTLE>
        <CASTLE>
            <ID>7</ID>
            <NAME>Lednice</NAME>
            <LOCATION>
                <LATITUDE>48.80138888888889</LATITUDE>
                <LONGITUDE>16.805555555555557</LONGITUDE>
            </LOCATION>
        </CASTLE>
        <CASTLE>
            <ID>10</ID>
            <NAME>Nasavrky</NAME>
            <LOCATION>
                <LATITUDE>49.84502777777778</LATITUDE>
                <LONGITUDE>15.803016666666668</LONGITUDE>
            </LOCATION>
        </CASTLE>
        <CASTLE>
            <ID>11</ID>
            <NAME>Ratiborice</NAME>
            <LOCATION>
                <LATITUDE>50.41488888888889</LATITUDE>
                <LONGITUDE>16.052555555555557</LONGITUDE>
            </LOCATION>
        </CASTLE>
        <CASTLE>
            <ID>13</ID>
            <NAME>Telc</NAME>
            <LOCATION>
                <LATITUDE>49.18538888888889</LATITUDE>
                <LONGITUDE>15.451333333333332</LONGITUDE>
            </LOCATION>
        </CASTLE>
        <CASTLE>
            <ID>14</ID>
            <NAME>Zamberk</NAME>
            <LOCATION>
                <LATITUDE>50.08555555555556</LATITUDE>
                <LONGITUDE>16.46763888888889</LONGITUDE>
            </LOCATION>
        </CASTLE>
    </DATA>
    <KEY>NAME</KEY>
    <ORDER>LEVEL</ORDER>
</XML>
