<?xml version="1.0" encoding="UTF-8"?>
<actions>
        <action>
            <actionName>run</actionName>
            <packagings>
                <packaging>jar</packaging>
            </packagings>
            <goals>
                <goal>process-classes</goal>
                <goal>org.codehaus.mojo:exec-maven-plugin:3.0.0:exec</goal>
            </goals>
            <properties>
                <exec.vmArgs>--module-path "C:\javafx\javafx-sdk-19\lib" --add-modules=javafx.swing,javafx.graphics,javafx.fxml,javafx.media,javafx.web --add-reads javafx.graphics=ALL-UNNAMED --add-opens javafx.controls/com.sun.javafx.charts=ALL-UNNAMED --add-opens javafx.graphics/com.sun.javafx.iio=ALL-UNNAMED --add-opens javafx.graphics/com.sun.javafx.iio.common=ALL-UNNAMED --add-opens javafx.graphics/com.sun.javafx.css=ALL-UNNAMED --add-opens javafx.base/com.sun.javafx.runtime=ALL-UNNAMED</exec.vmArgs>
                <exec.args>${exec.vmArgs} -classpath %classpath ${exec.mainClass} ${exec.appArgs}</exec.args>
                <exec.appArgs></exec.appArgs>
                <exec.mainClass>cz.upce.fei.skodaj.bdats.semestralprojectb.Main</exec.mainClass>
                <exec.executable>java</exec.executable>
            </properties>
        </action>
        <action>
            <actionName>debug</actionName>
            <packagings>
                <packaging>jar</packaging>
            </packagings>
            <goals>
                <goal>process-classes</goal>
                <goal>org.codehaus.mojo:exec-maven-plugin:3.0.0:exec</goal>
            </goals>
            <properties>
                <exec.vmArgs>--module-path "C:\javafx\javafx-sdk-19\lib" --add-modules=javafx.swing,javafx.graphics,javafx.fxml,javafx.media,javafx.web --add-reads javafx.graphics=ALL-UNNAMED --add-opens javafx.controls/com.sun.javafx.charts=ALL-UNNAMED --add-opens javafx.graphics/com.sun.javafx.iio=ALL-UNNAMED --add-opens javafx.graphics/com.sun.javafx.iio.common=ALL-UNNAMED --add-opens javafx.graphics/com.sun.javafx.css=ALL-UNNAMED --add-opens javafx.base/com.sun.javafx.runtime=ALL-UNNAMED -agentlib:jdwp=transport=dt_socket,server=n,address=${jpda.address}</exec.vmArgs>
                <exec.args>${exec.vmArgs} -classpath %classpath ${exec.mainClass} ${exec.appArgs}</exec.args>
                <exec.appArgs></exec.appArgs>
                <exec.mainClass>cz.upce.fei.skodaj.bdats.semestralprojectb.Main</exec.mainClass>
                <exec.executable>java</exec.executable>
                <jpda.listen>true</jpda.listen>
            </properties>
        </action>
        <action>
            <actionName>profile</actionName>
            <packagings>
                <packaging>jar</packaging>
            </packagings>
            <goals>
                <goal>process-classes</goal>
                <goal>org.codehaus.mojo:exec-maven-plugin:3.0.0:exec</goal>
            </goals>
            <properties>
                <exec.vmArgs>--module-path "C:\javafx\javafx-sdk-19\lib" --add-modules=javafx.swing,javafx.graphics,javafx.fxml,javafx.media,javafx.web --add-reads javafx.graphics=ALL-UNNAMED --add-opens javafx.controls/com.sun.javafx.charts=ALL-UNNAMED --add-opens javafx.graphics/com.sun.javafx.iio=ALL-UNNAMED --add-opens javafx.graphics/com.sun.javafx.iio.common=ALL-UNNAMED --add-opens javafx.graphics/com.sun.javafx.css=ALL-UNNAMED --add-opens javafx.base/com.sun.javafx.runtime=ALL-UNNAMED</exec.vmArgs>
                <exec.args>${exec.vmArgs} -classpath %classpath ${exec.mainClass} ${exec.appArgs}</exec.args>
                <exec.mainClass>cz.upce.fei.skodaj.bdats.semestralprojectb.Main</exec.mainClass>
                <exec.executable>java</exec.executable>
                <exec.appArgs></exec.appArgs>
            </properties>
        </action>
    </actions>
